['Feature', 'Arithmancy', 'Astronomy', 'Herbology', 'Defense Against the Dark Arts', 'Divination', 'Muggle Studies', 'Ancient Runes', 'History of Magic', 'Transfiguration', 'Potions', 'Care of Magical Creatures', 'Charms', 'Flying']
['Count', 1600, 1600, 1600, 1600, 1600, 1600, 1600, 1600, 1600, 1600, 1600, 1600, 1600]
['Mean', 49634.57024265645, 39.797130890164766, 1.1410195296768058, -0.38786349744178583, 3.1539096732863516, -224.5899148634645, 495.747970059158, 2.9630946151165927, 1030.0969463871313, 5.9503729927800775, -0.0534271367004963, -243.3744090125, 21.958012499999985]
['Std', 16674.479546540675, 520.1313684119224, 5.121298012832926, 5.114283862325028, 4.031806587329338, 486.1884046780414, 106.24649629737976, 4.309860906827147, 44.0996886466383, 2.9837350628743025, 0.2384875554695378, 8.723766919492878, 97.59596439556215]
['Min', -24370.0, -966.7405456412164, -10.295662748653244, -10.16211940387396, -8.727, -1086.4968348887983, 283.8696087336624, -8.858992991610515, 906.6273196915248, -4.697483767872527, -3.313675764124477, -261.04892, -181.47]
['25%', 38510.0, -489.4937773271154, -4.312118224021038, -5.259095401342299, 3.0989999999999998, -577.5800963375425, 397.5110469338152, 2.218653320946669, 1026.1717128767511, 3.644899504448004, -0.6709955346526018, -250.64727000000002, -41.84]
['50%', 49018.0, 261.6447314070159, 3.4690121044769087, -2.5893416144228647, 4.624, -419.16429373366526, 463.91830514671324, 4.378175538816984, 1045.5333354167144, 5.877581884166013, -0.04329621455366976, -244.86751, -2.51]
['75%', 60828.0, 525.9095401342299, 5.4210456374755775, 4.904680078747834, 5.6670000000000025, 254.99485732415616, 597.4922295175508, 5.8252416563826825, 1058.445387777596, 8.248788657581947, 0.5944463060546361, -232.53675, 50.89]
['Max', 104956.0, 1016.2119403873959, 11.612895082210851, 9.667405456412162, 10.032, 1092.3886105728684, 745.3962198761234, 11.889712754042707, 1098.9582005409077, 13.536762124994421, 3.0565457738978123, -225.42813999999998, 279.07]
